{"runs/Aug23_17-38-20_ju-cvlab/data/trnval_loss/trn_loss: ": [[1535013513.5222762, 1, 6.141358845435495], [1535013524.3125963, 2, 5.490596995634191], [1535013534.6349509, 3, 5.271996144998178], [1535013545.5388057, 4, 5.152844787509071], [1535013555.6361964, 5, 5.054507292603417], [1535013564.9978793, 6, 4.983279743222344]], "runs/Aug23_17-38-20_ju-cvlab/data/trnval_loss/val_loss: ": [[1535013513.5222762, 1, 5.543102206480477], [1535013524.3125963, 2, 5.20788124067923], [1535013534.6349509, 3, 5.058001669265185], [1535013545.5388057, 4, 4.970716894319414], [1535013555.6361964, 5, 4.899318736442516], [1535013564.9978793, 6, 4.829019476172722]], "runs/Aug23_17-38-20_ju-cvlab/data/trnval_ppl/trn_ppl: ": [[1535013513.523681, 1, 464.68457655837676], [1535013524.312764, 2, 242.4018765320848], [1535013534.635134, 3, 194.80443248866968], [1535013545.5389922, 4, 172.92271965693791], [1535013555.636387, 5, 156.72729062210368], [1535013564.9980586, 6, 145.952283540212]], "runs/Aug23_17-38-20_ju-cvlab/data/trnval_ppl/val_ppl: ": [[1535013513.523681, 1, 255.46928993754182], [1535013524.312764, 2, 182.70653662877638], [1535013534.635134, 3, 157.27591279672367], [1535013545.5389922, 4, 144.13017644757122], [1535013555.636387, 5, 134.1983241081066], [1535013564.9980586, 6, 125.08824849533654]]}