{"runs/Aug23_20-31-11_cvlab/data/trnval_loss/trn_loss: ": [[1535023915.018999, 1, 6.404236373678936], [1535023956.931308, 2, 5.637602682674633], [1535024000.2692928, 3, 5.3560132618895775], [1535024044.4561818, 4, 5.195193087241473], [1535024089.2539203, 5, 5.068608082284173], [1535024134.8392584, 6, 4.966698081559316], [1535024180.3191435, 7, 4.8797388229927], [1535024226.0082235, 8, 4.812051993042883], [1535024271.745388, 9, 4.742022731653665], [1535024317.3397198, 10, 4.691905207953718], [1535024363.0420048, 11, 4.649305318640829], [1535024408.881026, 12, 4.611026958827555], [1535024455.3889513, 13, 4.57496576337008], [1535024501.4265356, 14, 4.545858455049819], [1535024547.3198564, 15, 4.512935125669313], [1535024600.3047624, 16, 4.485161083060407], [1535024645.9043972, 17, 4.470224438796397], [1535024697.9903798, 18, 4.445402935692716], [1535024743.678895, 19, 4.422784718727123], [1535024790.0857801, 20, 4.402805695380831], [1535024836.0273259, 21, 4.388338013588946], [1535024882.0936756, 22, 4.368631851483357], [1535024927.742458, 23, 4.356946518841911], [1535024973.6048822, 24, 4.339594247575037], [1535025019.4804966, 25, 4.325061017439223], [1535025064.9778616, 26, 4.305027871236314], [1535025111.5601037, 27, 4.302357782716276], [1535025157.5870066, 28, 4.286735523562591], [1535025203.7415488, 29, 4.2766127352755765], [1535025249.2076523, 30, 4.263597296019452], [1535025295.0977113, 31, 4.256484587296196], [1535025341.0572195, 32, 4.241656281227289], [1535025386.7589407, 33, 4.231822813177384], [1535025433.320402, 34, 4.223834663846434], [1535025479.416043, 35, 4.214215603931304], [1535025525.6274152, 36, 4.209673175207133], [1535025571.617269, 37, 4.201565788570644], [1535025617.6555007, 38, 4.192238321109694], [1535025663.832108, 39, 4.1833371713518925], [1535025709.9227076, 40, 4.180603824609942], [1535025756.588799, 41, 4.1701773217031475]], "runs/Aug23_20-31-11_cvlab/data/trnval_loss/val_loss: ": [[1535023915.018999, 1, 5.820759473291757], [1535023956.931308, 2, 5.375240433500542], [1535024000.2692928, 3, 5.250946905504338], [1535024044.4561818, 4, 5.014726287113612], [1535024089.2539203, 5, 4.874631405911063], [1535024134.8392584, 6, 4.785441698583243], [1535024180.3191435, 7, 4.731721758066703], [1535024226.0082235, 8, 4.670978935059653], [1535024271.745388, 9, 4.627698786605206], [1535024317.3397198, 10, 4.59385538825244], [1535024363.0420048, 11, 4.568140654656996], [1535024408.881026, 12, 4.520557064296367], [1535024455.3889513, 13, 4.502077578463937], [1535024501.4265356, 14, 4.482485425704989], [1535024547.3198564, 15, 4.455235942584056], [1535024600.3047624, 16, 4.471258664079447], [1535024645.9043972, 17, 4.454614204853579], [1535024697.9903798, 18, 4.423175141506237], [1535024743.678895, 19, 4.404927350952414], [1535024790.0857801, 20, 4.40481534283487], [1535024836.0273259, 21, 4.411873178213123], [1535024882.0936756, 22, 4.3869165515692785], [1535024927.742458, 23, 4.381562404673942], [1535024973.6048822, 24, 4.374938038062636], [1535025019.4804966, 25, 4.356473910317245], [1535025064.9778616, 26, 4.351658355646692], [1535025111.5601037, 27, 4.356052622102088], [1535025157.5870066, 28, 4.351792871305586], [1535025203.7415488, 29, 4.3358930145065075], [1535025249.2076523, 30, 4.33697575964276], [1535025295.0977113, 31, 4.3328401975155915], [1535025341.0572195, 32, 4.320942181568601], [1535025386.7589407, 33, 4.33336819795621], [1535025433.320402, 34, 4.316088761269659], [1535025479.416043, 35, 4.319923781521149], [1535025525.6274152, 36, 4.317266832463395], [1535025571.617269, 37, 4.306787321210683], [1535025617.6555007, 38, 4.306631092394252], [1535025663.832108, 39, 4.300602778436822], [1535025709.9227076, 40, 4.294970862001763], [1535025756.588799, 41, 4.291199922044469]], "runs/Aug23_20-31-11_cvlab/data/trnval_ppl/trn_ppl: ": [[1535023915.0201607, 1, 604.4000865986505], [1535023956.9314795, 2, 280.78877117937066], [1535024000.2694645, 3, 211.87855608790372], [1535024044.4563613, 4, 180.40297294667263], [1535024089.2541006, 5, 158.9529239005964], [1535024134.8394368, 6, 143.55210661059368], [1535024180.3193197, 7, 131.5962894720663], [1535024226.008402, 8, 122.98372051088656], [1535024271.7455692, 9, 114.66590562060605], [1535024317.3398983, 10, 109.06076543547586], [1535024363.0421767, 11, 104.51235756676786], [1535024408.8811963, 12, 100.58739572655567], [1535024455.3891218, 13, 97.02471728073043], [1535024501.4267068, 14, 94.2412944090996], [1535024547.3200316, 15, 91.18907750143387], [1535024600.3049345, 16, 88.69123631813069], [1535024645.904574, 17, 87.37633145157618], [1535024697.9905496, 18, 85.23421482645294], [1535024743.6790652, 19, 83.32800763126806], [1535024790.085958, 20, 81.67971587860885], [1535024836.027497, 21, 80.50650701071106], [1535024882.093848, 22, 78.93556221651342], [1535024927.7426276, 23, 78.01854219146034], [1535024973.6050582, 24, 76.67642138171622], [1535025019.4806788, 25, 75.57012381448779], [1535025064.978034, 26, 74.07127988222503], [1535025111.5602732, 27, 73.87376681418006], [1535025157.5871754, 28, 72.72865955453402], [1535025203.7417192, 29, 71.99615647327735], [1535025249.2078238, 30, 71.0651666354311], [1535025295.0978804, 31, 70.56149416599078], [1535025341.0573914, 32, 69.52290601551671], [1535025386.759111, 33, 68.84260508114592], [1535025433.3205767, 34, 68.29487067613532], [1535025479.4162126, 35, 67.6410876532432], [1535025525.6275864, 36, 67.33452961987874], [1535025571.6174366, 37, 66.79082952580397], [1535025617.6556711, 38, 66.17073668038324], [1535025663.832279, 39, 65.58435465233562], [1535025709.92288, 40, 65.40533464356018], [1535025756.5889716, 41, 64.72692857907437]], "runs/Aug23_20-31-11_cvlab/data/trnval_ppl/val_ppl: ": [[1535023915.0201607, 1, 337.2280721121654], [1535023956.9314795, 2, 215.9917977320756], [1535024000.2694645, 3, 190.7468021678668], [1535024044.4563613, 4, 150.6149058828399], [1535024089.2541006, 5, 130.92588580822766], [1535024134.8394368, 6, 119.75424668479133], [1535024180.3193197, 7, 113.49079792303735], [1535024226.008402, 8, 106.80224373495273], [1535024271.7455692, 9, 102.27842860078889], [1535024317.3398983, 10, 98.8748973840803], [1535024363.0421767, 11, 96.36476771302382], [1535024408.8811963, 12, 91.88677056281249], [1535024455.3891218, 13, 90.20434336042999], [1535024501.4267068, 14, 88.45424615294147], [1535024547.3200316, 15, 86.07645755125685], [1535024600.3049345, 16, 87.46674500863783], [1535024645.904574, 17, 86.02295720320731], [1535024697.9905496, 18, 83.36054713525391], [1535024743.6790652, 19, 81.85319607042011], [1535024790.085958, 20, 81.84402836145183], [1535024836.027497, 21, 82.4237132944137], [1535024882.093848, 22, 80.39215136401864], [1535024927.7426276, 23, 79.96287021905076], [1535024973.6050582, 24, 79.4349174583916], [1535025019.4806788, 25, 77.9816786750308], [1535025064.978034, 26, 77.60705636911099], [1535025111.5602732, 27, 77.94883283207595], [1535025157.5871754, 28, 77.61749643559374], [1535025203.7417192, 29, 76.39314862794592], [1535025249.2078238, 30, 76.47590773349022], [1535025295.0978804, 31, 76.16028994414572], [1535025341.0573914, 32, 75.25950301495402], [1535025386.759111, 33, 76.20051322881538], [1535025433.3205767, 34, 74.8951219777644], [1535025479.4162126, 35, 75.18289774753727], [1535025525.6275864, 36, 74.98340575559517], [1535025571.6174366, 37, 74.20171931089025], [1535025617.6556711, 38, 74.19012776959512], [1535025663.832279, 39, 73.74423173783624], [1535025709.92288, 40, 73.33007772221886], [1535025756.5889716, 41, 73.05407512374089]]}